,施設名,経度,緯度,距離 (km),住所,収容人数,loc_name
0,堂島地域集会所、堂島・中之島憩の家,135.494302,34.697114,0.17411325298094815,大阪府大阪市北区堂島2-2-26,62,国道2号_1
1,もと・大阪北小学校,135.500912,34.701392,0.6095454913137809,大阪府大阪市北区曽根崎2-15-14,1800,国道2号_1
2,もと・梅田東小学校,135.5000985,34.70561644,0.908450018137424,大阪府大阪市北区茶屋町1-40,2150,国道2号_1
3,上福島小学校,135.485108,34.69717,0.943650325249155,大阪府大阪市福島区福島7-4-33,1300,国道2号_1
4,大淀中学校,135.486524,34.703669,0.9896619833472814,大阪府大阪市北区大淀中2-1-11,6000,国道2号_1
5,もと・扇町高等学校,135.488913,34.691198,0.9947100817257506,大阪府大阪市北区中之島5-3-96,3100,国道2号_1
6,西天満小学校,135.50716609999998,34.69665629,1.10635068489533,大阪府大阪市北区西天満3-12-21,1250,国道2号_1
7,西船場小学校,135.493719,34.688393,1.125477076517929,大阪府大阪市西区江戸堀1-21-28,1750,国道2号_1
8,天満中学校,135.506662,34.703253000000004,1.1700432480888248,大阪府大阪市北区神山町12-9,5500,国道2号_1
9,福島小学校,135.483525,34.693448,0.20607506003880985,大阪府大阪市福島区福島4-5-6,1200,国道2号_2
10,玉川小学校,135.480664,34.691891999999996,0.516682553571205,大阪府大阪市福島区玉川2-13-16,1000,国道2号_2
11,鷺洲小学校,135.47910900000002,34.698836,0.7067675249846596,大阪府大阪市福島区鷺洲5-6-8,1200,国道2号_2
12,下福島中学校,135.481831,34.688476,0.7613995206944438,大阪府大阪市福島区玉川1-4-11,1000,国道2号_2
13,八阪中学校,135.47797,34.700891,0.9385060021881169,大阪府大阪市福島区鷺洲6-1-13,1000,国道2号_2
14,花乃井中学校,135.48905200000002,34.686421,0.9980047329224553,大阪府大阪市西区江戸堀2-8-29,1389,国道2号_2
15,海老江東小学校,135.475414,34.699114,1.0063465547344754,大阪府大阪市福島区海老江1-6-19,1500,国道2号_2
16,大開小学校,135.470609,34.692586999999996,0.4284039761013059,大阪府大阪市福島区大開2-10-28,650,国道2号_3
17,吉野小学校,135.473081,34.69042,0.42991674186608303,大阪府大阪市福島区吉野3-10-5,1500,国道2号_3
18,西野田工科高等学校,135.469526,34.693225,0.5061341008704059,大阪府大阪市福島区大開2-17-62,6000,国道2号_3
19,海老江西小学校,135.470193,34.697697,0.6029217173607163,大阪府大阪市福島区海老江8-1-10,1800,国道2号_3
20,野田小学校,135.473609,34.686365,0.8523681145902983,大阪府大阪市福島区野田5-13-22,1450,国道2号_3
21,野田中学校,135.46891499999998,34.687226,0.9313427779214334,大阪府大阪市福島区吉野5-9-4,400,国道2号_3
22,姫里小学校,135.45836,34.70664,1.0572887343887163,大阪府大阪市西淀川区姫里2-8-24,2000,国道2号_4
23,柏里小学校,135.465804,34.710473,1.0764875171602502,大阪府大阪市西淀川区柏里2-13-33,1000,国道2号_4
24,姫島小学校,135.455527,34.701669,1.1051931827995713,大阪府大阪市西淀川区姫島1-10-4,1800,国道2号_4
25,淀商業高等学校,135.458499,34.710029,0.31093716796772464,大阪府大阪市西淀川区野里3-3-15,11155,国道2号_5
26,野里小学校,135.461027,34.711084,0.3794934346070487,大阪府大阪市西淀川区野里2-21-13,1600,国道2号_5
27,歌島小学校,135.461471,34.713945,0.6994156190065185,大阪府大阪市西淀川区歌島2-5-18,3000,国道2号_5
28,歌島中学校,135.46041499999998,34.715389,0.852608158434733,大阪府大阪市西淀川区歌島2-11-9,5000,国道2号_5
29,御幣島小学校,135.4563429,34.716947999999995,1.090617735175898,大阪府大阪市西淀川区御幣島3-5-5,5000,国道2号_5
30,好文学園女子高等学校,135.448444,34.710195,1.129053863229358,大阪府大阪市西淀川区千舟3-8-22,5000,国道2号_5
31,佃小学校,135.446944,34.716583,0.5853894340971024,大阪府大阪市西淀川区佃1-21-12,3000,国道2号_6
32,佃西小学校,135.444028,34.714472,0.7084999696634359,大阪府大阪市西淀川区佃2-15-30,2162,国道2号_6
33,香蓑小学校,135.452666,34.720166,0.8123082161945271,大阪府大阪市西淀川区御幣島6-5-25,2400,国道2号_6
34,コーナン杭瀬店,135.4430466,34.71778791,0.946982147083726,兵庫県尼崎市梶ｹ島19-1,4950,国道2号_6
35,大和田小学校,135.444973,34.705890000000004,0.9827824664881654,大阪府大阪市西淀川区大和田4-3-24,2000,国道2号_6
36,市立杭瀬小学校,135.438473,34.722971,0.6094577475857799,兵庫県尼崎市杭瀬北新町2丁目6-1,520,国道2号_7
37,市立浦風小学校,135.433501,34.719194,0.9051394989714564,兵庫県尼崎市杭瀬南新町4丁目1-34,700,国道2号_7
38,佃南小学校,135.435779,34.713417,0.9516341864121343,大阪府大阪市西淀川区佃5-12-12,5000,国道2号_7
39,市立長洲小学校,135.432835,34.721666,1.0022119186041842,兵庫県尼崎市長洲東通3丁目7-1,820,国道2号_7
40,県立尼崎小田高等学校,135.43364,34.724221,1.0482581390183239,兵庫県尼崎市長洲中通2丁目17-46,650,国道2号_7
41,県立尼崎工業高等学校,135.4343257,34.72645719,1.151141239037537,兵庫県尼崎市長洲中通1丁目13-1,440,国道2号_7
42,県立尼崎高等学校,135.425947,34.722083000000005,0.6887396180121031,兵庫県尼崎市北大物町18-1,730,国道2号_8
43,市立金楽寺小学校,135.42503,34.726693,1.062113706240161,兵庫県尼崎市金楽寺町2丁目3-1,770,国道2号_8
44,市立成良中学校,135.4214864,34.72186477,1.0702817819084511,兵庫県尼崎市西長洲町2丁目33-22,910,国道2号_8
45,市立城内高等学校,135.420003,34.716,0.4674110285554718,兵庫県尼崎市北城内47-1,840,国道2号_9
46,市立明城小学校,135.419947,34.714417,0.6345873961401952,兵庫県尼崎市南城内10-1,850,国道2号_9
47,市立中央地区会館,135.413081,34.718913,0.8211215001674728,兵庫県尼崎市西御園町93番地,240,国道2号_9
48,市立難波小学校,135.41017,34.724582,1.1994539512959093,兵庫県尼崎市東難波町4丁目3-40,950,国道2号_9
49,市立竹谷小学校,135.40586499999998,34.720915999999995,0.530972472238727,兵庫県尼崎市北竹谷町2丁目36,790,国道2号_10
50,市立尼崎工業高等学校,135.41303100000002,34.73062007,0.9315206580743292,兵庫県尼崎市東難波町2丁目17-64,200,国道2号_10
51,市立梅香小学校,135.410892,34.73072,0.9317633380254873,兵庫県尼崎市東難波町2丁目14-44,900,国道2号_10
52,市立北難波小学校,135.40764199999998,34.731276,1.0503491691782303,兵庫県尼崎市西難波町6丁目14-57,760,国道2号_10
53,市立成徳小学校,135.398505,34.720388,0.5609354728166566,兵庫県尼崎市蓬川町302-2,700,国道2号_11
54,市立浜田小学校,135.396255,34.729081,0.6176364099673167,兵庫県尼崎市浜田町3丁目110,1070,国道2号_11
55,市立大庄中学校,135.39395580000001,34.72409584,0.644402417068746,兵庫県尼崎市菜切山町37,740,国道2号_11
56,市立七松小学校,135.402559,34.732525,0.8438926792428921,兵庫県尼崎市南七松町1丁目4-49,970,国道2号_11
57,市立大庄北中学校,135.395143,34.731192,0.8620422223911606,兵庫県尼崎市大庄北1丁目8-1,930,国道2号_11
58,尼崎モーターボート競走場（ファン通路・９号館デッキ）,135.394016,34.719538,0.8775949998500664,兵庫県尼崎市水明町199番地の1,776,国道2号_11
59,市立大庄小学校,135.39164399999999,34.72211,0.9078366635621712,兵庫県尼崎市大庄中通4丁目43-1,1130,国道2号_11
60,コーナン尼崎道意町店,135.3981949,34.71573457,1.061852290275464,兵庫県尼崎市道意町7丁目1,7600,国道2号_11
61,市立今北総合センター,135.395355,34.734434,1.1589054933625904,兵庫県尼崎市西立花町3丁目14-1,150,国道2号_11
62,県立尼崎西高等学校,135.385006,34.726831,0.6123559554777837,兵庫県尼崎市大島2丁目34-1,640,国道2号_12
63,市立成文小学校,135.385172,34.726498,0.6151610388629277,兵庫県尼崎市大島2丁目33-1,750,国道2号_12
64,市立大島小学校,135.38556100000002,34.733775,0.7229047232363888,兵庫県尼崎市稲葉荘2丁目10-7,990,国道2号_12
65,小松小学校,135.380506,34.72495,1.0741153777239028,兵庫県西宮市小松東町1丁目3-59,1140,国道2号_12
66,小松センター,135.378581,34.72502,0.7643734988129068,兵庫県西宮市小松北町2丁目4-1,50,国道2号_13
67,上甲子園公民館,135.373656,34.737699,0.9168920998788657,兵庫県西宮市甲子園口3丁目9-26,90,国道2号_13
68,上甲子園センター,135.373684,34.737902000000005,0.9315937223543879,兵庫県西宮市甲子園口3丁目9-3,80,国道2号_13
69,鳴尾北小学校,135.372604,34.725516999999996,1.0017847518334049,兵庫県西宮市学文殿町2丁目2-7,1350,国道2号_13
70,学文中学校,135.374412,34.723925,1.031342662230245,兵庫県西宮市学文殿町1丁目5-7,1090,国道2号_13
71,県立鳴尾高等学校,135.371015,34.726110999999996,1.0726582359079704,兵庫県西宮市学文殿町2丁目1-60,490,国道2号_13
72,学文公民館,135.372393,34.724189,1.120879654564997,兵庫県西宮市学文殿町2丁目4-24,120,国道2号_13
73,上甲子園小学校,135.367946,34.736024,0.286752532551291,兵庫県西宮市甲子園口5丁目9-4,1100,国道2号_14
74,瓦林公園センター,135.36574299999998,34.732411,0.42819813273612534,兵庫県西宮市上甲子園3丁目7-4,70,国道2号_14
75,上甲子園中学校,135.364349,34.733913,0.515354336901655,兵庫県西宮市上甲子園4丁目9-11,1090,国道2号_14
76,甲子園口市民館,135.366457,34.737763,0.5224830739100981,兵庫県西宮市甲子園口6丁目6-20,50,国道2号_14
77,春風小学校,135.365207,34.730494,0.5887021420630164,兵庫県西宮市上甲子園3丁目8-39,1200,国道2号_14
78,春風公民館,135.361285,34.730416,0.8922511168139262,兵庫県西宮市甲子園春風町2-21,150,国道2号_14
79,西宮養護学校,135.360649,34.730796999999995,0.927291485607214,兵庫県西宮市甲子園春風町2-29,660,国道2号_14
80,瓦木小学校,135.365926,34.743921,1.155626935599104,兵庫県西宮市大屋町10-20,920,国道2号_14
81,深津中学校,135.357799,34.739323999999996,0.3932317953136949,兵庫県西宮市深津町6-75,1120,国道2号_15
82,深津小学校,135.357218,34.740379,0.521440343808812,兵庫県西宮市深津町5-22,880,国道2号_15
83,津門小学校,135.353894,34.732819,0.6021005867304081,兵庫県西宮市津門呉羽町5-13,1090,国道2号_15
84,中央体育館分館,135.351399,34.740349,0.8657557441904781,兵庫県西宮市神祇官町2-6,370,国道2号_15
85,中央公民館,135.35700500000002,34.743932,0.9051174838642744,兵庫県西宮市高松町4-8,210,国道2号_15
86,若竹公民館,135.350788,34.740665,0.9317476966476372,兵庫県西宮市西福町15-12,260,国道2号_15
87,今津公民館,135.353391,34.728444,0.9930017326951103,兵庫県西宮市今津水波町9-28,140,国道2号_15
88,今津小学校,135.3535,34.727033,1.1233053598487555,兵庫県西宮市今津二葉町4-10,1150,国道2号_15
89,今津中学校,135.35108,34.727608000000004,1.1921268644104452,兵庫県西宮市今津二葉町5-15,1040,国道2号_15
90,勤労会館,135.34506399999998,34.736243,0.3395724178793115,兵庫県西宮市松原町2-37,940,国道2号_16
91,中市民館,135.344089,34.743193,0.737271557290391,兵庫県西宮市中前田町8-11,50,国道2号_16
92,用海小学校,135.343872,34.731883,0.7558719493070446,兵庫県西宮市用海町3-54,1120,国道2号_16
93,平木小学校,135.349513,34.745678999999996,0.9042452785530827,兵庫県西宮市平木町4-1,1030,国道2号_16
94,平木中学校,135.34928,34.746367,0.978130806038986,兵庫県西宮市平木町6-19,1100,国道2号_16
95,中央体育館,135.344805,34.747806,1.1812298060708908,兵庫県西宮市河原町1-16,890,国道2号_16
96,安井小学校,135.334281,34.740107,0.33970354730915325,兵庫県西宮市安井町1-25,880,国道2号_17
97,安井市民館,135.333129,34.739546000000004,0.41426375603888843,兵庫県西宮市安井町2-4,60,国道2号_17
98,浜脇小学校,135.336373,34.732071999999995,0.7300026207435009,兵庫県西宮市浜脇町5-48,1630,国道2号_17
99,浜脇公民館,135.337031,34.731783,0.7559455479131324,兵庫県西宮市浜脇町5-14,160,国道2号_17
100,浜脇中学校,135.334201,34.732338,0.7561595627369753,兵庫県西宮市宮前町3-5,1070,国道2号_17
101,大社小学校,135.336475,34.746328000000005,0.8639601070736258,兵庫県西宮市桜谷町9-7,1340,国道2号_17
102,夙川公民館,135.327868,34.740137,0.8987500229100659,兵庫県西宮市羽衣町1-39,70,国道2号_17
103,大社公民館,135.341267,34.747372999999996,1.0339825991017362,兵庫県西宮市柳本町1-37,150,国道2号_17
104,香櫨園市民館分館,135.326004,34.735743,1.0990890334360117,兵庫県西宮市屋敷町12-1,20,国道2号_17
105,教育文化センター,135.329823,34.730897,1.1054531525764328,兵庫県西宮市川添町15-26,160,国道2号_17
106,香櫨園市民センター,135.328354,34.731324,1.1622152339352616,兵庫県西宮市川西町4-5,90,国道2号_17
107,県立西宮香風高等学校,135.332529,34.728775,1.1798157435462158,兵庫県西宮市建石町7-43,620,国道2号_17
108,夙川西市民館,135.321085,34.738101,0.533214512570878,兵庫県西宮市大谷町3-50,40,国道2号_18
109,香櫨園小学校,135.325718,34.731935,0.57681868106501,兵庫県西宮市中浜町3-32,1260,国道2号_18
110,春日集会所,135.31921100000002,34.733269,0.8100652707600208,兵庫県芦屋市春日町13-17,30,国道2号_18
111,夙東市民館,135.330148,34.72885,0.9620645973644998,兵庫県西宮市川添町10-30,60,国道2号_18
112,市立精道中学校,135.320233,34.729636,1.0183156639472881,兵庫県芦屋市南宮町9-7,2630,国道2号_18
113,市立小槌幼稚園遊戯室,135.31473300000002,34.733441,1.1732298506038321,兵庫県芦屋市打出小槌町15-7,100,国道2号_18
114,市立宮川小学校,135.315122,34.729052,0.5899405969889491,兵庫県芦屋市浜町1-9,2260,国道2号_19
115,茶屋集会所,135.308437,34.730902,0.8089117399761027,兵庫県芦屋市茶屋之町8-20,30,国道2号_19
116,県立芦屋高等学校体育館,135.31034499999998,34.728413,0.8473675180129525,兵庫県芦屋市精道町1-1,600,国道2号_19
117,市立打出浜小学校,135.320899,34.725442,1.0691503999990701,兵庫県芦屋市新浜町8-2,3020,国道2号_19
118,竹園集会所,135.310137,34.725972,1.0794626345375327,兵庫県芦屋市竹園町5-6,30,国道2号_19
119,藤和ライブタウン芦屋呉川町ルミナンス,135.31186399999999,34.724894,1.1170249651682662,兵庫県芦屋市呉川町13-3,360,国道2号_19
120,海技大学校,135.314983,34.724247,1.1198264386227053,兵庫県芦屋市西蔵町12-24,500,国道2号_19
121,保健福祉センター,135.311992,34.724375,1.1669340721115526,兵庫県芦屋市呉川町14-9,1370,国道2号_19
122,市立精道小学校体育館,135.30578899999998,34.727247,0.5435715656100414,兵庫県芦屋市精道町8-25,350,国道2号_20
123,前田集会所,135.298507,34.731524,0.6585824623999827,兵庫県芦屋市前田町8-17,100,国道2号_20
124,市立体育館・青少年センター,135.300935,34.727075,0.709630628007472,兵庫県芦屋市川西町15-3,400,国道2号_20
125,芦屋パレスハイツ北館,135.30297099999999,34.724455,0.8879666628503943,兵庫県芦屋市平田町2-7,350,国道2号_20
126,市立西山幼稚園遊戯室,135.29851499999998,34.73792771,0.9161957226680322,兵庫県芦屋市西山町22-15,100,国道2号_20
127,芦屋パレスハイツ南館,135.30297019999998,34.7239536,0.9415557088000762,兵庫県芦屋市平田町2-8,350,国道2号_20
128,ロイヤル芦屋松浜,135.3080981,34.72217319,1.1286462474223906,兵庫県芦屋市松浜町8-18,710,国道2号_20
129,芦屋サンプラザ,135.3040233,34.72160786,1.178574000336876,兵庫県芦屋市平田町5-8,300,国道2号_20
130,東灘小学校,135.2944292,34.724816100000005,0.49184524330123564,神戸市東灘区深江北町2-4-1,1160,国道2号_21
131,甲南女子中・高校,135.2917292,34.7349206,0.7135494193138192,神戸市東灘区森北町5-6-1,943,国道2号_21
132,本山第三小学校,135.2864103,34.7280906,0.8212722843857194,神戸市東灘区本山中町1-2-35,1160,国道2号_21
133,神戸大学白鴎寮,135.2876408,34.7235202,0.9409429641828825,神戸市東灘区本山南町1-4-50,192,国道2号_21
134,甲南女子大学,135.28747099999998,34.734802,0.9477015149317811,神戸市東灘区森北町6-2-23,192,国道2号_21
135,本庄小学校,135.2888714,34.7211525,1.067741171604682,神戸市東灘区青木4-4-1,1160,国道2号_21
136,神戸薬科大学,135.2832689,34.733115000000005,1.1826718544865518,神戸市東灘区本山北町4-19-1,192,国道2号_21
137,本山南小学校,135.2824636,34.7235717,0.3427004286335918,神戸市東灘区本山南町8-2-1,1160,国道2号_22
138,本山第一小学校,135.27890559999997,34.7289433,0.6499901703972285,神戸市東灘区本山北町3-10-1,1160,国道2号_22
139,本庄中学校,135.2875439,34.7203025,0.6624311775387383,神戸市東灘区青木4-4-2,1186,国道2号_22
140,福池小学校,135.2787669,34.7212831,0.7621530725128832,神戸市東灘区本山南町4-4-28,1160,国道2号_22
141,神戸大学海事科学部,135.28835780000003,34.7187444,0.8505492858323791,神戸市東灘区深江南町5-1-1,192,国道2号_22
142,本山南中学校,135.2705342,34.723116100000006,0.38807376744270716,神戸市東灘区田中町4-12-1,1186,国道2号_23
143,本山中学校,135.27093969999999,34.7256325,0.4800261067072017,神戸市東灘区岡本3-3-1,1186,国道2号_23
144,本山第二小学校,135.2695758,34.7253269,0.5581416496493145,神戸市東灘区西岡本1-3-1,1160,国道2号_23
145,灘中・高校,135.2684539,34.7191636,0.6928559290012657,神戸市東灘区魚崎北町8-5-1,943,国道2号_23
146,魚崎小学校,135.27125700000002,34.714966,0.9095771661108819,神戸市東灘区魚崎中町4-10-8,1160,国道2号_23
147,東灘体育館,135.27811599999998,34.714665999999994,0.937994483081947,神戸市東灘区魚崎南町6-5-11,192,国道2号_23
148,甲南小学校,135.26399609999999,34.7222717,0.9843014934969022,神戸市東灘区住吉本町1-12-1,1160,国道2号_23
149,甲南大学,135.2679925,34.729734,0.9996544129048468,神戸市東灘区岡本8-9-1,192,国道2号_23
150,友生支援学校住吉分校,135.2655489,34.7170611,1.0447855096810925,神戸市東灘区住吉東町4-1-58,192,国道2号_23
151,住吉小学校,135.264485,34.7175747,1.0943780631476858,神戸市東灘区住吉東町4-1-31,1160,国道2号_23
152,魚崎中学校,135.2790506,34.71312,1.1284132477339732,神戸市東灘区魚崎南町1-2-1,1186,国道2号_23
153,住之江公民館別館,135.2646774,34.7143023,0.5622599484846832,神戸市東灘区住吉宮町2-1-3,192,国道2号_24
154,住之江公民館,135.2636564,34.7139751,0.604331854711319,神戸市東灘区住吉宮町2-2-3,192,国道2号_24
155,住吉中学校,135.2587214,34.725862799999994,0.8978033648541754,神戸市東灘区住吉山手1-11-1,1186,国道2号_24
156,呉田会館,135.2624866,34.7107873,0.9711008525158833,神戸市東灘区住吉南町4-6-23,192,国道2号_24
157,御影中学校,135.2535331,34.7159417,1.0803762690342278,神戸市東灘区御影中町5-1-1,1186,国道2号_24
158,御影高校,135.250575,34.716960799999995,0.322871160626576,神戸市東灘区御影石町4-1-1,943,国道2号_25
159,御影小学校,135.2515083,34.714811100000006,0.33851733194579053,神戸市東灘区御影石町3-1-1,1160,国道2号_25
160,御影公会堂,135.24925119999997,34.7160708,0.45559677693920975,神戸市東灘区御影石町4-4-1,192,国道2号_25
161,御影北小学校,135.2488056,34.7246294,0.9767223973092579,神戸市東灘区御影山手1-12-1,1160,国道2号_25
162,鷹匠中学校,135.2438533,34.7201547,1.0021990785777757,神戸市灘区高徳町2-2-19,1186,国道2号_25
163,成徳小学校,135.2422119,34.7156136,1.0995412280369816,神戸市灘区備後町1-3-1,1160,国道2号_25
164,烏帽子中学校,135.2376273,34.710671999999995,0.6556924842529849,神戸市灘区烏帽子町1-2-1,1186,国道2号_26
165,灘小学校,135.23254609999998,34.713255600000004,1.0369110620586697,神戸市灘区千旦通1-5-1,1160,国道2号_26
166,六甲小学校,135.2333847,34.7176856,1.0620454075958534,神戸市灘区八幡町4-4-1,1160,国道2号_26
167,西郷小学校,135.232752,34.706971200000005,0.34342791774950776,神戸市灘区大石東町6-2-1,1160,国道2号_27
168,原田中学校,135.228747,34.707957,0.5084972862357503,神戸市灘区船寺通2-4-1,1186,国道2号_27
169,西灘小学校,135.22778280000003,34.707800299999995,0.5960006338768333,神戸市灘区船寺通3-4-1,1160,国道2号_27
170,稗田小学校,135.2224081,34.711338899999994,1.0494699613045841,神戸市灘区岸地通4-2-1,1160,国道2号_27
171,渚中学校,135.21756969999998,34.7004675,0.8859637399132784,神戸市中央区脇浜海岸通2-1-1,1186,国道2号_28
172,福住小学校,135.2184924,34.7131542,1.0557521683229876,神戸市灘区福住通7-1-1,1160,国道2号_28
173,科学技術高校,135.2135256,34.7043033,1.0741486461393426,神戸市中央区脇浜町1-4-70,943,国道2号_28
174,宮本小学校,135.2117731,34.70671970000001,0.6318705876581294,神戸市中央区宮本通2-1-36,1160,国道2号_29
175,なぎさ小学校,135.2110122,34.69774279999999,0.6984813886221757,神戸市中央区脇浜海岸通2-4-1,1160,国道2号_29
176,筒井台中学校,135.2100675,34.7093111,0.9547749061161621,神戸市中央区野崎通1-1-3,1186,国道2号_29
177,春日野小学校,135.206143,34.70566147,0.992007615577404,神戸市中央区宮本通7-1-6,1160,国道2号_29
178,コミスタこうべ（生涯学習支援センター）,135.2046319,34.6982261,1.1548292445711215,神戸市中央区吾妻通4-1-6,192,国道2号_29
179,葺合公民館,135.20453500000002,34.694983,0.405628250495139,神戸市中央区真砂通2-1-1,192,国道2号_30
180,中央小学校,135.1996908,34.701742200000005,0.7140212651103848,神戸市中央区神若通7-1-1,1160,国道2号_30
181,こうべ市民福祉交流センター,135.2017676,34.692863700000004,0.7356006242587485,神戸市中央区磯上通3-1-32,192,国道2号_30
182,葺合中学校,135.2032542,34.706844399999994,0.9844126773739299,神戸市中央区熊内町1-4-28,1186,国道2号_30
183,神戸生田中学校,135.1856644,34.6899906,1.1274784889966887,神戸市中央区北長狭通4-10-1,1186,国道2号_31
184,こうべまちづくり会館,135.1829065,34.6860973,0.4487217313068841,神戸市中央区元町通4-2-14,192,国道2号_33
185,産業振興センター,135.1817956,34.6806028,0.7990235287529892,神戸市中央区東川崎1-8-4,192,国道2号_33
186,こうべ小学校,135.18247,34.6935569,0.9861055258401247,神戸市中央区中山手通4-23-2,1160,国道2号_33
187,湊小学校,135.18085109999998,34.676897499999995,1.177651968098091,神戸市中央区東川崎町1-4-1,1160,国道2号_33
188,中央図書館,135.1741492,34.6856249,0.8614813225686437,神戸市中央区楠町7-2-1,192,国道2号_34
189,湊翔楠中学校,135.1716466,34.6839972,0.9216457333307921,神戸市中央区楠町4-2-5,1186,国道2号_34
190,兵庫中学校,135.16995500000002,34.6736533,1.1627043483153925,神戸市兵庫区永沢町4-3-36,1186,国道2号_34
191,兵庫大開小学校,135.16631919999998,34.67367,0.8393760818062198,神戸市兵庫区大開通4-1-39,1160,国道2号_35
192,須佐野中学絞,135.16974419999997,34.66446,0.9559585981740721,神戸市兵庫区松原通1-1-44,192,国道2号_35
193,明親小学校,135.1661081,34.6651625,1.112204298100359,神戸市兵庫区須佐野通4-1-19,1160,国道2号_35
194,水木小学絞,135.1594761,34.670356299999995,0.7571255798673662,神戸市兵庫区水木通9-1-8,192,国道2号_36
195,浜山小学校,135.1662009,34.657749700000004,0.9889413735907945,神戸市兵庫区材木町4-2,1160,国道2号_36
196,御蔵小学校,135.1550418,34.666368799999994,1.0436114922352813,神戸市長田区一番町4-1,1160,国道2号_36
197,長田公民館,135.15455409999998,34.6697571,1.1406680393743747,神戸市長田区四番町4-51,192,国道2号_36
198,長田中学校,135.1531092,34.661412799999994,0.4351670506476742,神戸市長田区真野町8-1,1186,国道2号_37
199,真野小学校,135.1540769,34.6570313,0.5659656352460996,神戸市長田区苅藻通3-4-32,1160,国道2号_37
200,長田南小学校,135.14985430000002,34.6618374,0.7367676105593723,神戸市長田区神楽町1-3-1,1160,国道2号_37
201,真陽小学校,135.15128719999998,34.655502500000004,0.8620165597887816,神戸市長田区二葉町1-5-5,1160,国道2号_37
202,駒ヶ林中学校,135.14346030000002,34.6551358,0.4911900663795587,神戸市長田区若松町7-1-23,1186,国道2号_38
203,ふたば学舎（地域人材支援センター）,135.146261,34.65177070000001,0.5602046814015913,神戸市長田区二葉町7-1-18,192,国道2号_38
204,蓮池小学校,135.14321280000001,34.662434999999995,0.8269760189769911,神戸市長田区大谷町1-1-10,1160,国道2号_38
205,駒ケ林小学校,135.1414645,34.6500314,0.9650616946733992,神戸市長田区野田町6-1-16,1160,国道2号_38
206,南須磨公民館,135.13332409999998,34.648816700000005,0.6341793311103869,神戸市須磨区青葉町2-2-3,192,国道2号_39
207,だいち小学校,135.13428330000002,34.654255299999996,0.6384635841716723,神戸市須磨区大池町5-1-52,1160,国道2号_39
208,鷹取中学校,135.13260309999998,34.6479475,0.732413593200472,神戸市須磨区青葉町3-1-1,1186,国道2号_39
209,若宮小学校,135.1314996,34.6463436,0.9075869077700291,神戸市須磨区若宮町2-1-21,1160,国道2号_39
210,太田中学校,135.1329026,34.6576629,0.993720324258872,神戸市須磨区大黒町5-1-1,1186,国道2号_39
211,須磨体育館,135.1289669,34.6507528,0.9954571950805993,神戸市須磨区中島町1-2-2,192,国道2号_39
212,西須磨小学校,135.1204206,34.6466586,1.0052978299532298,神戸市須磨区行幸町3-4-18,1160,国道2号_40
213,北須磨小学校,135.1152711,34.6526467,1.071842781029597,神戸市須磨区離宮西町2-1-1,1160,国道2号_41
214,須磨一の谷プラザ,135.10609219999998,34.6411794,0.3803054094330303,神戸市須磨区一ノ谷町5-2-1,192,国道2号_42
215,塩屋小学校,135.08131609999998,34.6379922,0.921706543204953,神戸市垂水区塩屋町3-18-1,1160,国道2号_44
216,塩屋台自治会館,135.0835281,34.6418375,1.0208571509747595,神戸市垂水区塩屋台1-21,192,国道2号_44
217,兵庫県自治研修所,135.077551,34.633111,0.232770996590797,神戸市垂水区塩屋町5-3-1,192,国道2号_45
218,東垂水小学校,135.07118640000002,34.634825799999994,0.8465455654613686,神戸市垂水区王居殿2-5-25,1160,国道2号_45
219,視覚特別支援学校,135.06928369999997,34.633196000000005,0.983818070599996,神戸市垂水区城が山4-2-1,192,国道2号_45
220,東垂水公民館,135.0684339,34.6368394,1.1629308006877348,神戸市垂水区東垂水1-1-1,192,国道2号_45
221,垂水年金会館,135.0590125,34.6280792,0.9791529017184822,神戸市垂水区平磯1-2-5,192,国道2号_46
222,垂水小学校,135.0558767,34.6315758,0.41778768890496715,神戸市垂水区日向2-4-6,1160,国道2号_47
223,垂水体育館,135.0513052,34.6329709,0.831229811319014,神戸市垂水区旭ヶ丘2-1-22,192,国道2号_47
224,霞ヶ丘小学校,135.0427583,34.63337,0.7320719136134716,神戸市垂水区霞ヶ丘4-6-16,1160,国道2号_48
225,歌敷山中学校,135.0412611,34.63639439999999,1.0843855064446828,神戸市垂水区歌敷山2-4-1,1186,国道2号_48
226,東舞子小学校,135.0364975,34.639349700000004,1.0225345386792764,神戸市垂水区舞子台4-10-1,1160,国道2号_49
227,舞子小学校,135.0303701,34.6437937,0.7737734014477899,神戸市垂水区西舞子4-7-43,1160,国道2号_50
228,朝霧コミセン,135.02126299999998,34.651604999999996,1.0346214574629797,兵庫県明石市二見町5丁目7-1,50,国道2号_51
229,人丸小学校,135.00515,34.650251000000004,0.7567780467047386,兵庫県明石市東人丸町26-29,220,国道2号_52
230,中崎小学校,134.999373,34.642696,1.119192642338968,兵庫県明石市中崎1丁目4-1,150,国道2号_52
231,明石小学校,134.99504,34.650166999999996,0.6041597551638253,兵庫県明石市山下町12-21,150,国道2号_53
232,大観小学校,134.985429,34.649167,0.404276269852612,兵庫県明石市大明石町2丁目8-30,150,国道2号_54
233,衣川中学校,134.98043,34.646584000000004,0.8452629951484495,兵庫県明石市南王子町7-1,250,国道2号_54
234,王子小学校,134.983235,34.656361,1.1090949330873556,兵庫県明石市王子1丁目1-1,150,国道2号_54
235,林小学校,134.971625,34.648528000000006,0.7936182056305813,兵庫県明石市林崎町1丁目8-10,200,国道2号_55
236,和坂小学校,134.970819,34.661999,0.4911326679622836,兵庫県明石市和坂2丁目12-1,150,国道2号_56
237,枝吉小学校,134.9778628,34.66476779999999,0.9221323631983526,神戸市西区技吉2-95,1160,国道2号_56
238,花園小学校,134.96323600000002,34.662442999999996,0.9886574364924308,兵庫県明石市西明石南町1丁目1-10,150,国道2号_56
239,貴崎小学校,134.961237,34.656859999999995,1.0304737251852607,兵庫県明石市貴崎5丁目5-52,150,国道2号_56
240,望海中学校,134.962153,34.662442999999996,1.074481649072211,兵庫県明石市西明石南町1丁目1-33,250,国道2号_56
241,鳥羽小学校,134.965903,34.670387,0.7062441732287916,兵庫県明石市西明石北町2丁目2-1,150,国道2号_57
